entertainment,"ржкрзНрж░ржЬрж╛ржкрждрж┐ ржкрзНрж░ржЬрж╛ржкрждрж┐ ржЖржорж╛рж░ ржЗржЪрзНржЫрзЗ рж╣рзЯрзЗ, ржмржирзЗ ржмржирзЗ ржШрж╛рж╕рзЗ ржШрж╛рж╕рзЗ ржУржбрж╝рзЗ ржЖрж░ ржлрзЗрж░рзЗ...
рж╕рзЗржЗ рж╕рзБрж░ ржпрж╛ ржлрж┐рж░рж┐рзЯрзЗ ржжрзЗрзЯ рж╢рзИрж╢ржмрзЗрж░ рж╕рзБржЧржирзНржзред рж╕ржмрж┐рждрж╛ ржЪрзМржзрзБрж░рзАред ржпрж╛ржБрж░ ржХржгрзНржа ржЕржкрзВрж░рзНржм рж╕ржм ржЧрж╛ржиржЧрзБржЪрзНржЫ ржЙржкрж╣рж╛рж░ ржжрж┐рзЯрзЗржЫрзЗ рж╕ржм ржкрзНрж░ржЬржирзНржорзЗрж░ ржЧрж╛ржиржкрзНрж░рзЗржорзАржжрзЗрж░ред ржжрзБрж░рж╛рж░рзЛржЧрзНржп ржХрж░рзНржХржЯрж░рзЛржЧрзЗ ржЖржХрзНрж░рж╛ржирзНржд рж╕рзЗржжрж┐ржирзЗрж░ рж╕ржмрж┐рждрж╛ред ржЧржд ржХрзЯрзЗржХ ржмржЫрж░ ржзрж░рзЗ ржирж┐рж░ржирзНрждрж░ рж▓ржбрж╝рж╛ржЗрзЯрзЗрж░ ржкрж░ ржПржЦржи ржкрзНрж░рж╣рж░ ржЧрзБржиржЫрзЗржи ред ржпрзЗржХрзЛржиржУ ржжрж┐ржиржЗ ржЖрж╕рждрзЗ ржкрж╛рж░рзЗ рж╕рзЗржЗ ржнрзЯржЩрзНржХрж░ ржжрж┐ржиржЯрж┐ред
ржПржЦржи рждрж╛ржБрж░ ржмржбрж╝ ржорзЗрзЯрзЗ ржЕржирзНрждрж░рж╛ ржЪрзМржзрзБрж░рзАрж░ ржХрж╛ржЫрзЗржЗ ржЖржЫрзЗржи рждрж┐ржирж┐ред рж░рзБржмрж┐ рж╣рж╛рж╕ржкрж╛рждрж╛рж▓рзЗрж░ ржЦрзБржм ржХрж╛ржЫрзЗржЗ ржмржбрж╝ ржорзЗрзЯрзЗрж░ ржХрж╛ржЫрзЗржЗ ржХрж╛ржЯрж╛рждрзЗ ржЪрж╛ржи ржЬрзАржмржирзЗрж░ рж╢рзЗрж╖ ржХрзЯрзЗржХржЯрж┐ ржжрж┐ржиред ржЖржЬржЗ ржПржмрзЗрж▓рж╛.ржЗржи ржХрзЗ ржЬрж╛ржирж╛рж▓рзЗржи ржЕржирзНрждрж░рж╛ред
рж╕рзНржмрж╛ржорзА рж╕рж▓рж┐рж▓ ржЪрзМржзрзБрж░рзАрж░ ржЕржирзБрж░рзЛржзрзЗржЗ ржкрзНрж░ржержо ржЕрзНржпрж╛рж▓ржмрж╛ржорзЗ ржЧрж╛ржУрзЯрж╛ ржЧрж╛ржи ржорж░рж┐ рж╣рж╛рзЯ ржЧрзЛ рж╣рж╛рзЯред рж╕ржмрж┐рждрж╛рж░ ржХржгрзНржарж╕рзНржмрж░рзЗрж░ ржЬрж╛ржжрзБрждрзЗ рж╕рзЗржЗ ржЧрж╛ржи рж╢рж╛рж╢рзНржмржд рж╣рзЯрзЗ ржЖржЫрзЗред┬а
ржПржЦржи ржПржЗ ржЖржиржирзНржжрзЗрж░ рж╢рж╣рж░рзЗ ржПржХрж▓рж╛ рж╢рзБрзЯрзЗ рж╕ржмрж┐рждрж╛ред рж╕рзБрж░рзЗрж░ рж╕рзЗржЗ ржЭрж░-ржЭрж░-ржЭрж░ржгрж╛ ржпрзЗ ржЖржЬ ржирж┐рж░рзБржЪрзНржЪрж╛рж░"
state,"ржжрзАрж░рзНржШ рж╕рж╛ржд ржорж╛рж╕рзЗрж░ ржкрзНрж░рждрзАржХрзНрж╖рж╛рж░ ржкрж░ рж╕рзЛржоржмрж╛рж░ рж╕ржХрж╛рж▓рзЗ ржПрж╕рзЗ ржкрзМржБржЫрж▓ ржХрж▓ржХрж╛рждрж╛ ржорзЗржЯрзНрж░рзЛ рж░рзЗрж▓рзЗрж░ ржирждрзБржи ржПрж╕рж┐ рж░рзЗржХред ржЧржд ржбрж┐рж╕рзЗржорзНржмрж░рзЗ ржУржЗ рж░рзЗржХржЯрж┐ ржПрж╕рзЗ ржкрзМржБржЫржирзЛрж░ ржХржерж╛ ржерж╛ржХрж▓рзЗржУ ржПржХрж╛ржзрж┐ржХ ржХрж╛рж░ржгрзЗ рж░рзЗржХ ржкрзЗрждрзЗ ржЕржирзЗржХржЯрж╛ ржжрзЗрж░рж┐ рж╣рж▓ ржмрж▓рзЗ ржорзЗржЯрзНрж░рзЛ рж╕рзВрждрзНрж░рзЗрж░ ржЦржмрж░ред┬а
ржЪрзЗржирзНржирж╛ржЗрзЯрзЗрж░ ржЗржирзНржЯрж┐ржЧрзНрж░рж╛рж▓ ржХрзЛржЪ ржлрзНржпрж╛ржХрзНржЯрж░рж┐ржХрзЗ (ржЖржЗрж╕рж┐ржПржл) ржжрзБтАЩржЯрж┐ ржПрж╕рж┐ рж░рзЗржХрзЗрж░ ржмрж░рж╛ржд ржжрзЗржУрзЯрж╛ рж╣рзЯрзЗржЫрж┐рж▓ред рждрж╛рж░ ржоржзрзНржпрзЗ ржкрзНрж░ржержо рж░рзЗржХржЯрж┐ ржПржжрж┐ржи ржПрж╕рзЗ ржкрзМржБржЫрзЗржЫрзЗред ржжрзНржмрж┐рждрзАрзЯ рж░рзЗржХржЯрж┐ ржкрзМржБржЫржирзЛрж░ ржХржерж╛ ржЕржЧрж╕рзНржЯрзЗрж░ рждрзГрждрзАрзЯ рж╕ржкрзНрждрж╛рж╣рзЗред ржПржЦржиржХрж╛рж░ ржПрж╕рж┐ рж░рзЗржХржЧрзБрж▓рж┐рж░ рждрзБрж▓ржирж╛рзЯ ржирждрзБржи ржПрж╕рж┐ рж░рзЗржХ ржкрзНрж░ржпрзБржХрзНрждрж┐ржЧрждржнрж╛ржмрзЗ ржЕржирзЗржХржЯрж╛ржЗ ржПржЧрж┐рзЯрзЗ ржмрж▓рзЗред ржЬрж╛ржирж╛ ржЧрж┐рзЯрзЗржЫрзЗ, ржЪрж▓рждрж┐ ржмржЫрж░рзЗрж░ рж╢рзЗрж╖рзЗ ржЪрж┐ржирзЗрж░ ржбрж╛рж▓рж┐рзЯрж╛ржи ржерзЗржХрзЗ ржорзЗржЯрзНрж░рзЛрж░ рж░рзЗржХ ржЖрж╕рж╛ рж╢рзБрж░рзБ рж╣ржмрзЗред рж╕ржорзНржкрзВрж░рзНржг ржжрзЗрж╢рзАрзЯ ржкрзНрж░ржпрзБржХрзНрждрж┐рждрзЗ рждрзИрж░рж┐ ржЖржЗрж╕рж┐ржПржлрзЗрж░ рж░рзЗржХржЧрзБрж▓рж┐ ржпрж╛рждрзЗ ржХрзЛржиржУржнрж╛ржмрзЗ ржУржЗ рж░рзЗржХрзЗрж░ рждрзБрж▓ржирж╛рзЯ ржкрж┐ржЫрж┐рзЯрзЗ ржирж╛ ржерж╛ржХрзЗ рждрж╛ ржирж┐рж╢рзНржЪрж┐ржд ржХрж░рж╛рж░ ржЪрзЗрж╖рзНржЯрж╛ рж╣рзЯрзЗржЫрзЗред┬а
┬аржирждрзБржи рж░рзЗржХрзЗрж░ ржорзЛржЯрж░-рж╕рж╣ ржорзВрж▓ ржЕржВрж╢ (ржкрзНрж░ржкрж╛рж▓рж╕ржи) рждрзИрж░рж┐ ржХрж░рзЗржЫрзЗ рж╣рж╛рзЯржжрж░рж╛ржмрж╛ржжрзЗрж░ ржПржХржЯрж┐ рж╕ржВрж╕рзНржерж╛ред рж░рзЗржХрзЗрж░ ржмрж╛ржЗрж░рзЗрж░ ржХрж╛ржарж╛ржорзЛ рждрзИрж░рж┐ ржХрж░рзЗржЫрзЗ ржЖржЗрж╕рж┐ржПржлред ржирждрзБржи рж░рзЗржХржЧрзБрж▓рж┐рждрзЗ ржПрж╕рж┐, ржнрзЗрж╕рзНржЯрж┐ржмрж┐ржЙрж▓,рж╕рж╛рж╕ржкрзЗржирж╢ржи, ржмрзНрж░рзЗржХрж┐ржВ рж╕рж┐рж╕рзНржЯрзЗржо рж╕ржм ржХрж┐ржЫрзБрждрзЗржЗ ржмрзНржпрж╛ржкржХ ржмржжрж▓ ржЖржирж╛ рж╣рзЯрзЗржЫрзЗред
ржирждрзБржи рж░рзЗржХрзЗ ржнрзЗрж╕рзНржЯрж┐ржмрж┐ржЙрж▓рзЗрж░ ржкрзНрж░рж╕рзНрже ржПржХ ржзрж╛ржХрзНржХрж╛рзЯ рзнрзжрзж ржерзЗржХрзЗ ржмрзЗржбрж╝рзЗ рж╣ржЪрзНржЫрзЗ рззрзкрзжрзж ржорж┐рж▓рж┐ржорж┐ржЯрж╛рж░ред ржлрж▓рзЗ ржжрзБтАЩржЯрж┐ ржХрж╛ржорж░рж╛рж░ ржоржзрзНржпрзЗ ржпрж╛рждрж╛рзЯрж╛ржд ржЕржирзЗржХржЯрж╛ржЗ рж╕рж╣ржЬрж╕рж╛ржзрзНржп рж╣ржмрзЗред ржЪрж▓рждрж┐ ржПрж╕рж┐ рж░рзЗржХрзЗ ржжрж░ржЬрж╛рж░ ржжрзБтАЩржкрзНрж░рж╛ржирзНрждрзЗрж░ ржорж╛ржЭрзЗрж░ ржмрзНржпржмржзрж╛ржи рззрзирззрзж ржорж┐рж▓рж┐ржорж┐ржЯрж╛рж░ред ржУржЗ ржмрзНржпржмржзрж╛ржи ржмрзЗржбрж╝рзЗ рж╣ржЪрзНржЫрзЗ рззрзкрзжрзж ржорж┐рж▓рж┐ржорж┐ржЯрж╛рж░ред ржПрж╕рж┐тАЩрж░ ржбрзНрж░рзЗржирзЗржЬ ржкрж╛ржЗржкрзЗрж░ ржЕржмрж╕рзНржерж╛ржиржУ ржмржжрж▓рзЗржЫрзЗред ржЪрж▓рж╛рж░ рж╕ржорзЯ рж░рзЗржХ ржарж╛ржирзНржбрж╛ ржирж╛ рж╣ржУрзЯрж╛рж░ рж╕ржорж╕рзНржпрж╛ ржарзЗржХрж╛рждрзЗ рж░рзБржл ржорж╛ржЙржирзНржЯрж┐ржВ ржЗржЙржирж┐ржЯрзЗрж░ ржкрзНрж░ржпрзБржХрзНрждрж┐рждрзЗ ржмржжрж▓ ржЖржирж╛ рж╣рзЯрзЗржЫрзЗред ржЭрж╛ржБржХрзБржирж┐ ржХржорж╛рждрзЗ рж╕рзНржЯрж┐рж▓ ржХрзЯрзЗрж▓рзЗрж░ ржмржжрж▓рзЗ рж░рж╛ржмрж╛рж░ рж╕рзНржкрзНрж░рж┐ржВ рж╕рж╛рж╕ржкрзЗржирж╢ржи ржмрзНржпржмрж╣рж╛рж░ ржХрж░рж╛ рж╣ржЪрзНржЫрзЗ ржирждрзБржи рж░рзЗржХрзЗред ржЖржорзВрж▓ ржмржжрж▓ ржЖржирж╛ рж╣рзЯрзЗржЫрзЗ ржмрзНрж░рзЗржХрж┐ржВ рж╕рж┐рж╕рзНржЯрзЗржорзЗред ржирждрзБржи рж░рзЗржХрзЗ рж╕рзНржЯрзЗржкрж▓рзЗрж╕ рж░рж┐ржЬрзЗржирж╛рж░рзЗржЯрж┐ржн ржмрзНрж░рзЗржХ ржерж╛ржХржЫрзЗред ржПрждрзЗ ржЕржирзЗржХржЯрж╛ржЗ ржмрж┐ржжрзНржпрзБрзО рж╕рж╛рж╢рзНрж░рзЯ рж╣ржмрзЗред┬а
ржорзЗржЯрзНрж░рзЛрж░ ржПржХ ржЖржзрж┐ржХрж╛рж░рж┐ржХ ржЬрж╛ржирж╛ржи, тАЬржерж╛рж░рзНржб рж░рзЗрж▓рзЗрж░ рж╕ржЩрзНржЧрзЗ рж╕ржВржпрзЛржЧржХрж╛рж░рзА ржЕржВрж╢ ржмрж╕рж╛ржирзЛ ржЫрж╛ржбрж╝рж╛ржУ ржЕржмрж╢рж┐рж╖рзНржЯ ржХрж╛ржЬ ржХрж░рждрзЗ рзкрзл ржжрж┐ржи рж▓рж╛ржЧрждрзЗ ржкрж╛рж░рзЗред рждрж╛рж░ржкрж░ ржУржЗ рж░рзЗржХ ржЪрж▓рж╛рж░ ржЙржкржпрзБржХрзНржд рж╣ржмрзЗредтАЭ"
state,"ржжрж┐ржШрж╛рж░ рж╣рзЛржЯрзЗрж▓ ржерзЗржХрзЗ ржЙржжрзНржзрж╛рж░ рж╣рж▓ ржпрзБржмржХ-ржпрзБржмрждрзАрж░ ржЭрзБрж▓ржирзНржд ржжрзЗрж╣ред рж╢рзБржХрзНрж░ржмрж╛рж░ рж╕ржХрж╛рж▓рзЗ ржирж┐ржЙ ржжрж┐ржШрж╛рж░ ржПржХржЯрж┐ рж╣рзЛржЯрзЗрж▓ ржерзЗржХрзЗ ржУржЗ ржпрзБржЧрж▓рзЗрж░ ржжрзЗрж╣ ржЙржжрзНржзрж╛рж░ рж╣рзЯред ржорзГрждржжрзЗрж░ ржжрж╛ржо ржЧрзЛржкрж╛рж▓ рж╕рж░ржХрж╛рж░ ржУ ржЕрждрж╕рж┐ рж╕рж░ржХрж╛рж░ред рж╣рзЛржЯрзЗрж▓ ржХрж░рзНрждрзГржкржХрзНрж╖рзЗрж░ ржХрж╛ржЫрзЗ рждрж╛ржБрж░рж╛ ржПржЗ ржирж╛ржо ржжрж┐рзЯрзЗржЗ рж░рзБржо ржмрзБржХ ржХрж░рзЗржЫрж┐рж▓рзЗржи ржмрж▓рзЗ ржЬрж╛ржирж╛ ржЧрж┐рзЯрзЗржЫрзЗред

ржПржЗ ржмрж┐рж╖рзЯрзЗ ржЕржирзНржпрж╛ржирзНржп ржЦржмрж░

ржлрзБржЯржлрзБржЯрзЗ ржмрж╛ржЪрзНржЪрж╛ржЯрж┐ ржХрж╛рж░! ржжрж┐ржШрж╛рж░ рж╕рзИржХрждрзЗ рж╢рж┐рж╢рзБрж░ ржХрж╛ржирзНржирж╛, ржЬрж▓рзНржкржирж╛ ржЪрж╛ржкрж╛ ржжрж┐рж▓ рж╕ржорзБржжрзНрж░рзЗрж░ ржЧрж░рзНржЬржи
ржжрж┐ржШрж╛рзЯ ржорж╛рж░рж╛рждрзНржоржХ ржЕржнрж┐ржпрзЛржЧ! ржорж╣рж┐рж▓рж╛ ржкрж░рзНржпржЯржХржХрзЗ ржкрзНрж░рж╛рзЯ ржмрж┐ржмрж╕рзНрждрзНрж░ ржХрж░рзЗ рж╣рзЗржирж╕рзНржерж╛


ржЬрж╛ржирж╛ ржЧрж┐рзЯрзЗржЫрзЗ, рж╕рзНржмрж╛ржорзА-рж╕рзНрждрзНрж░рзАрж░ ржкрж░рж┐ржЪрзЯ ржжрж┐рзЯрзЗ ржУржЗ ржпрзБржЧрж▓ ржЧржд рззрзл рждрж╛рж░рж┐ржЦ рж╣рзЛржЯрзЗрж▓рзЗ ржУржарзЗржиред рж╣рзЛржЯрзЗрж▓рзЗрж░ рж░рзЗржЬрж┐рж╕рзНржЯрж╛рж░рзЗ рж╣рзБржЧрж▓рж┐рж░ рждрж╛рж░ржХрзЗрж╢рзНржмрж░рзЗрж░ ржорзБржХрзНрждрж╛рж░ржкрзБрж░рзЗрж░ ржЧрзНрж░рж╛ржорзЗрж░ ржмрж╛рж╕рж┐ржирзНржжрж╛ ржмрж▓рзЗржи рждрж╛ржБрж░рж╛ред рж╢рзБржХрзНрж░ржмрж╛рж░ржЗ рждрж╛ржБржжрзЗрж░ ржлрж┐рж░рзЗ ржпрж╛ржУрзЯрж╛рж░ ржХржерж╛ ржЫрж┐рж▓ред┬а
ржПржжрж┐ржи рж╕ржХрж╛рж▓рзЗ рж░рзБржорзЗрж░ ржоржзрзНржпрзЗ ржерзЗржХрзЗ ржпрзБржмржХ-ржпрзБржмрждрзАрж░ ржХрзЛржиржУ рж╕рж╛ржбрж╝рж╛рж╢ржмрзНржж ржирж╛ ржкрж╛ржУрзЯрж╛рзЯ рж╕ржирзНржжрзЗрж╣ рж╣рзЯ рж╣рзЛржЯрзЗрж▓ржХрж░рзНржорзАржжрзЗрж░ ржоржзрзНржпрзЗред ржкрж░рзЗ ржжрж░ржЬрж╛ ржнрж╛ржЩрждрзЗржЗ рждрж╛ржБржжрзЗрж░ ржЭрзБрж▓ржирзНржд ржжрзЗрж╣ ржжрзЗржЦрждрзЗ ржкрж╛ржи рж╣рзЛржЯрзЗрж▓ржХрж░рзНржорзАрж░рж╛ред ржкрж░рзЗ ржкрзБрж▓рж┐рж╢ ржПрж╕рзЗ ржжрзЗрж╣ржжрзБржЯрж┐ ржЙржжрзНржзрж╛рж░ ржХрж░рзЗ ржорзЯржирж╛рждржжржирзНрждрзЗрж░ ржЬржирзНржп ржкрж╛ржарж╛рзЯред
ржкрзБрж▓рж┐рж╢рзЗрж░ ржкрзНрж░рж╛ржержорж┐ржХ ржзрж╛рж░ржгрж╛ ржкрзНрж░рзЗржоржШржЯрж┐ржд ржХрж╛рж░ржгрзЗрж░ ржЬрзЗрж░рзЗ ржЖрждрзНржорж╣рждрзНржпрж╛ ржХрж░рзЗржЫрзЗржи ржУржЗ ржпрзБржЧрж▓ред ржШржЯржирж╛рж░ рждржжржирзНрждрзЗ ржирзЗржорзЗржЫрзЗ ржжрж┐ржШрж╛ ржерж╛ржирж╛рж░ ржкрзБрж▓рж┐рж╢ред"
sports,"ржХрж┐ржЫрзБржжрж┐ржи ржЖржЧрзЗржЗ рж░рж╛ржЬрзНржпрзЗрж░ ржЧрж╛ржЗржб ржмржирзЗ ржЧрж┐рзЯрзЗржЫрж┐рж▓рзЗржи ржЪрзЗрждрзЗрж╢рзНржмрж░ ржкрзВржЬрж╛рж░рж╛ред рж░рж╛ржЬржХрзЛржЯрзЗ ржнрж╛рж░ржд-ржУрзЯрзЗрж╕рзНржЯ ржЗржирзНржбрж┐ржЬ ржкрзНрж░ржержо ржЯрзЗрж╕рзНржЯ ржЪрж▓рж╛ржХрж╛рж▓рзАржиржЗ ржкрзВржЬрж╛рж░рж╛ржХрзЗ ржжрзЗржЦрж╛ ржЧрж┐рзЯрзЗржЫрж┐рж▓ ржирзЯрж╛ ржЕржмрждрж╛рж░рзЗред ржПржмрж╛рж░ рж╕рзЗржЗ ржкржерзЗржЗ рж╣рж╛ржБржЯрж▓рзЗржи ржорж╣ржорзНржоржж рж╕рж┐рж░рж╛ржЬред

ржПржЗ ржмрж┐рж╖рзЯрзЗ ржЕржирзНржпрж╛ржирзНржп ржЦржмрж░

ржХрзБржорзНржмрж▓рзЗрж░ ржЧрзБржЧрж▓рж┐рждрзЗ тАШржмрзЛрж▓рзНржбтАЩ рж╕рзЛрж╣рж┐ржирзА, ржорж╛ржЭ ржЖржХрж╛рж╢рзЗ ржоржи ржЬрж┐рждрж▓рзЗржи ржХрзНрж░рж┐ржХрзЗржЯрж╛рж░


рж╣рж╛рзЯржжрж░рж╛ржмрж╛ржжрзЗ ржжрзНржмрж┐рждрзАрзЯ ржЯрзЗрж╕рзНржЯ рж╢рзБрж░рзБ рж╣ржЪрзНржЫрзЗ рж╢рзБржХрзНрж░ржмрж╛рж░рзЗржЗред рж╕рзЗржЗ ржЯрзЗрж╕рзНржЯ рж╢рзБрж░рзБрж░ ржЖржЧрзЗржЗ рж╣рж╛рзЯржжрж░рж╛ржмрж╛ржжрзЗрж░ ржЯрзНржпрзБрж░ ржЧрж╛ржЗржб рж╣рзЯрзЗ ржЧрзЗрж▓рзЗржи рж╕рж┐рж░рж╛ржЬред рж╣рж╛рзЯржжрж░рж╛ржмрж╛ржжрзЗрж░ ржжрзНрж░рж╖рзНржЯржмрзНржп ржХрзА? рж╕рж┐рж░рж╛ржЬ ржЬрж╛ржирж╛ржЪрзНржЫрзЗржи, ржЪрж╛рж░ржорж┐ржирж╛рж░рзЗ ржпрзЗрждрзЗржЗ рж╣ржмрзЗред ржУржЦрж╛ржи ржерзЗржХрзЗ ржЪрж╛ржБржж ржжрзЗржЦрж╛рж░ ржЕржнрж┐ржЬрзНржЮрждрж╛ ржжрзБрж░рзНржзрж░рзНрж╖! ржкрж╛рж╢рж╛ржкрж╛рж╢рж┐ рждрж┐ржирж┐ ржирзЗржХрж▓рзЗрж╕ рж░рзЛржбрзЗржУ ржШрзБрж░рзЗ ржЖрж╕рж╛рж░ ржкрж░рж╛ржорж░рзНрж╢ ржжрж┐рзЯрзЗржЫрзЗржи ржнрзНрж░ржоржгрж╛рж░рзНржерзАржжрзЗрж░ред рж░рж┐рж▓рзНржпрж╛ржХрзНрж╕ ржХрж░рж╛рж░ ржЬржирзНржп ржирж╛ржХрж┐ ржирзЗржХрж▓рзЗрж╕ рж░рзЛржб ржЖржжрж░рзНрж╢ред
ржЯрзНржпрзБрж░рж┐рж╕рзНржЯржжрзЗрж░ рж╣рж╛рзЯржжрж░рж╛ржмрж╛ржжрзЗрж░ ржмрж┐ржЦрзНржпрж╛ржд ржмрж┐рж░рж┐рзЯрж╛ржирж┐ ржЪрзЗржЦрзЗ ржжрзЗржУрзЯрж╛рж░ ржХржерж╛ ржмрж▓рзЗржЫрзЗржи рждрж╛рж░ржХрж╛ ржкрзЗрж╕рж╛рж░ред рж╕рж┐рж░рж╛ржЬрзЗрж░ ржПржЗ тАШржЧрж╛ржЗржбтАЩ рж╣ржУрзЯрж╛рж░ ржнрж┐ржбрж┐ржУ ржмрж┐рж╕рж┐рж╕рж┐ржЖржЗ рж╢рзЗрзЯрж╛рж░ ржХрж░рзЗржЫрзЗржи ржирж┐ржЬрзЗржжрзЗрж░ ржлрзЗрж╕ржмрзБржХ ржкрзЗржЬрзЗред ржЗрждрж┐ржоржзрзНржпрзЗржЗ ржпрж╛ ржнрж╛ржЗрж░рж╛рж▓ред ржнрж┐ржбрж┐ржУрждрзЗ рж╕рж┐рж░рж╛ржЬржХрзЗ ржжрзЗржЦрж╛ ржпрж╛ржЪрзНржЫрзЗ, рж╕рзНржерж╛ржирзАрзЯ ржЙржЪрзНржЪрж╛рж░ржгрзЗ ржХржерж╛ ржмрж▓рждрзЗред

Local boy Siraj's top 3 things to do in Hyderabad ЁЯШО

What to do when in Hyderabad? Mohammed Siraj lists his top 3 not-to-be-missed things from his home land. P.S In total Hyderabadi style ЁЯдЩ - by @28anand

MUST WATCH тЦ╢я╕П https://t.co/ceSRC2lMHK #INDvWI pic.twitter.com/toeN6j70pR
тАФ BCCI (@BCCI) October 11, 2018

ржнрж┐ржбрж┐ржУрждрзЗ рж╕рж┐рж░рж╛ржЬ ржПржХржЬржи тАШржкрзНрж░рж╛ржЙржб рж╣рж╛рзЯржжрж░рж╛ржмрж╛ржжрж┐тАЩред ржШрж░рзЗрж░ ржЫрзЗрж▓рзЗрж░ ржПржоржи ржмржХрзНрждржмрзНржпрзЗрж░ ржкрж░рзЗ рж╣рж╛рзЯржжрж░рж╛ржмрж╛ржжрзЗрж░ ржжрж░рзНрж╢ржХрж░рж╛ ржХрждржЯрж╛ ржорж╛ржа ржнрж░рж╛рзЯ рж╕рзЗржЯрж╛ржЗ ржПржЦржи ржжрзЗржЦрж╛рж░ред"
national,"ржорж╛рж░рзБрждрж┐рж░ ржХрж╛рж░ржЦрж╛ржирж╛рзЯ рж╣рж╛ржорж▓рж╛ ржПржмржВ ржорзНржпрж╛ржирзЗржЬрж╛рж░ржХрзЗ ржкрзБржбрж╝рж┐рзЯрзЗ ржорж╛рж░рж╛рж░ ржШржЯржирж╛рзЯ рзйрзз ржЬржиржХрзЗ ржжрзЛрж╖рзА рж╕рж╛ржмрзНржпрж╕рзНржд ржХрж░рж▓ рж╣рж░рж┐рзЯрж╛ржирж╛рж░ ржЖржжрж╛рж▓рждред ржжрзЛрж╖рзАрж░рж╛ ржкрзНрж░рждрзНржпрзЗржХрзЗржЗ ржорж╛ржирзЗрж╕рж░рзЗрж░ ржорж╛рж░рзБрждрж┐-рж╕рзБржЬрзБржХрж┐ ржкрзНрж▓рзНржпрж╛ржирзНржЯрзЗрж░ ржХрж░рзНржорзАред ржжрж┐рж▓рзНрж▓рж┐рж░ ржкрзНрж░рж╛рзЯ рзкрзж ржХрж┐рж▓рзЛржорж┐ржЯрж╛рж░ ржжржХрзНрж╖рж┐ржгрзЗ ржЕржмрж╕рзНржерж┐ржд ржУржЗ ржкрзНрж▓рзНржпрж╛ржирзНржЯрзЗ рзирзжрззрзи рж╕рж╛рж▓рзЗ ржПржХ ржжрж▓ рж╢рзНрж░ржорж┐ржХрзЗрж░ рж╣рж╛рждрзЗ ржЖржХрзНрж░рж╛ржирзНржд рж╣рзЯрзЗржЫрж┐рж▓рзЗржи рж╕ржВрж╕рзНржерж╛рж░ ржЙржЪрзНржЪржкржжрж╕рзНрже ржХрж░рзНрждрж╛рж░рж╛ред ржХржиржлрж╛рж░рзЗржирзНрж╕ рж░рзБржорзЗрж░ ржоржзрзНржпрзЗ рж╣рж┐ржЙржорзНржпрж╛ржи рж░рж┐рж╕рзЛрж░рзНрж╕ ржорзНржпрж╛ржирзЗржЬрж╛рж░ ржЕржмржирзАрж╢ ржХрзБржорж╛рж░ ржжрзЗржмрзЗрж░ ржЧрж╛рзЯрзЗ ржЖржЧрзБржи ржзрж░рж┐рзЯрзЗ ржжрзЗржУрзЯрж╛ рж╣рзЯрзЗржЫрж┐рж▓ред рж╕рзЗржЦрж╛ржирзЗржЗ ржорзГрждрзНржпрзБ рж╣рзЯрзЗржЫрж┐рж▓ рждрж╛ржБрж░ред ржжрзАрж░рзНржШ ржХрзНрж╖ржг ржзрж░рзЗ ржЪрж▓рждрзЗ ржерж╛ржХрж╛ рждрж╛ржгрзНржбржмрзЗ ржорзНржпрж╛ржирзЗржЬржорзЗржирзНржЯрзЗрж░ ржЕржирзНрждржд рзлрзж ржЬржи ржХрж░рзНрждрж╛ ржЬржЦржо рж╣рзЯрзЗржЫрж┐рж▓рзЗржи, ржЖржХрзНрж░рж╛ржирзНржд рж╣рзЯрзЗржЫрж┐рж▓ ржкрзБрж▓рж┐рж╢ржУред ржШржЯржирж╛рж░ ржмржЫрж░ ржЪрж╛рж░рзЗржХ ржкрж░ ржЧрзБрж░рзБржЧрзНрж░рж╛ржорзЗрж░ ржЖржжрж╛рж▓ржд ржорж╛ржорж▓рж╛ржЯрж┐рж░ рж░рж╛рзЯ ржШрзЛрж╖ржгрж╛ ржХрж░рж▓ред ржорж╛рж░рзБрждрж┐ рж╕ржВрж╕рзНржерж╛ ржкрзНрж░рждрж┐ ржмржЫрж░ ржпрзЗ ржкрж░рж┐ржорж╛ржг ржЧрж╛ржбрж╝рж┐ рждрзИрж░рж┐ ржХрж░рзЗ, рждрж╛рж░ ржПржХ рждрзГрждрзАрзЯрж╛ржВрж╢ржЗ рждрзИрж░рж┐ рж╣рзЯ ржорж╛ржирзЗрж╕рж░рзЗрж░ ржкрзНрж▓рзНржпрж╛ржирзНржЯрзЗред рзирзжрззрзи рж╕рж╛рж▓рзЗрж░ ржмрзЗржиржЬрж┐рж░ ржЧрзЛрж▓ржорж╛рж▓рзЗрж░ ржкрж░ рж╕рзЗржЗ ржорж╛ржирзЗрж╕рж░ ржкрзНрж▓рзНржпрж╛ржирзНржЯ ржорж╛рж╕ ржЦрж╛ржирзЗржХрзЗрж░ ржЬржирзНржп ржмржирзНржз ржХрж░рзЗ ржжрж┐рзЯрзЗржЫрж┐рж▓ ржорж╛рж░рзБрждрж┐ ржХрж░рзНрждрзГржкржХрзНрж╖ред рж╢рзНрж░ржорж┐ржХржжрзЗрж░ ржмрж┐рж░рзБржжрзНржзрзЗ рж╢рзГржЩрзНржЦрж▓рж╛ржнржЩрзНржЧрзЗрж░ ржЕржнрж┐ржпрзЛржЧржХрзЗ ржШрж┐рж░рзЗ ржЧрзЛрж▓ржорж╛рж▓рзЗрж░ рж╕рзВрждрзНрж░ржкрж╛ржд рж╣рзЯрзЗржЫрж┐рж▓ред ржорзНржпрж╛ржирзЗржЬржорзЗржирзНржЯрзЗрж░ ржЕржнрж┐ржпрзЛржЧ ржЫрж┐рж▓, ржпрзЗ ржХрзЛржиржУ ржЖрж▓рзЛржЪржирж╛рж░ рж╕ржорзЯрзЗржЗ рж╢рзНрж░ржорж┐ржХ ржЗржЙржирж┐рзЯржи рж╕ржВрж╕рзНржерж╛рж░ ржкржжрж╕рзНрже ржХрж░рзНрждрж╛ржжрзЗрж░ ржЖржХрзНрж░ржоржг ржХрж░рждред ржкрж░рж┐рж╕рзНржерж┐рждрж┐ рж╢рзГржЩрзНржЦрж▓рж╛ржнржЩрзНржЧрзЗрж░ ржкрж░рзНржпрж╛рзЯрзЗ ржпрж╛ржЪрзНржЫрж┐рж▓ ржмрж▓рзЗ ржорзНржпрж╛ржирзЗржЬржорзЗржирзНржЯ ржоржирзЗ ржХрж░ржЫрж┐рж▓ред рждрж╛ржЗ ржХржарзЛрж░ ржкржжржХрзНрж╖рзЗржкрзЗрж░ ржХржерж╛ ржнрж╛ржмрж╛ рж╣рзЯрзЗржЫрж┐рж▓ред рж╕рзЗ рж╕ржм ржирж┐рзЯрзЗ ржжрзАрж░рзНржШ ржжрж┐ржи ржзрж░рзЗ ржорж╛ржирзЗрж╕рж░ ржкрзНрж▓рзНржпрж╛ржирзНржЯрзЗ рж╢рзНрж░ржорж┐ржХ ржЕрж╕ржирзНрждрзЛрж╖ ржЪрж▓ржЫрж┐рж▓ред рж╕рзЗржЗ ржЕрж╕ржирзНрждрзЛрж╖ржЗ рж╢рзЗрж╖ ржжрж┐ржирзЗ рждрж╛ржгрзНржбржмрзЗрж░ ржЪрзЗрж╣рж╛рж░рж╛ ржирзЗрзЯред рж▓рзЛрж╣рж╛рж░ рж░ржб ржПржмржВ ржирж┐рж░рзНржорж┐рзЯржорж╛ржи ржЧрж╛ржбрж╝рж┐рж░ ржжрж░ржЬрж╛рж░ ржкрзНржпрж╛ржирзЗрж▓ ржирж┐рзЯрзЗ рж╣рж╛ржорж▓рж╛ ржЪрж╛рж▓рж╛ржи рж╢рзНрж░ржорж┐ржХрж░рж╛ред рж╣рж┐ржЙржорзНржпрж╛ржи рж░рж┐рж╕рзЛрж░рзНрж╕ ржорзНржпрж╛ржирзЗржЬрж╛рж░ржХрзЗ ржкрзБржбрж╝рж┐рзЯрзЗ ржорж╛рж░рж╛ рж╣рзЯред рж╕рзБржкрж╛рж░ржнрж╛ржЗржЬрж╛рж░ ржПржмржВ ржЕржирзНржп ржкржжрж╕рзНрже ржХрж░рж╛ржжрзЗрж░ ржЦрзБржБржЬрзЗ ржмрж╛рж░ ржХрж░рзЗ рж╣рж╛ржорж▓рж╛ ржЪрж╛рж▓рж╛ржирзЛ рж╣рзЯред ржЧрзЛржЯрж╛ ржХрж╛рж░ржЦрж╛ржирж╛ ржЪрждрзНржмрж░ ржЬрзБржбрж╝рзЗ ржнрж╛ржЩржЪрзБрж░ ржЪрж▓рзЗ, ржЬрж╛рзЯржЧрж╛рзЯ ржЬрж╛рзЯржЧрж╛рзЯ ржЖржЧрзБржиржУ ржЧрж╛рж▓рж┐рзЯрзЗ ржжрзЗржУрзЯрж╛ рж╣рзЯред рззрзирзжрзж ржкрзБрж▓рж┐рж╢ ржкрж╛ржарж┐рзЯрзЗ ржХрж╛рж░ржЦрж╛ржирж╛ ржирж┐рзЯржирзНрждрзНрж░ржгрзЗ ржПржирзЗржЫрж┐рж▓ ржкрзНрж░рж╢рж╛рж╕ржиред рждржмрзЗ рзп ржЬржи ржкрзБрж▓рж┐рж╢ ржХрж░рзНрждрж╛ржУ рж╕ржВржШрж░рзНрж╖рзЗ ржЬржЦржо рж╣рзЯрзЗржЫрж┐рж▓рзЗржиред ржорзНржпрж╛ржирзЗржЬржорзЗржирзНржЯрзЗрж░ рзЯрзЗ рзлрзж ржЬржи ржХрж░рзНрждрж╛ржХрзЗ ржЬржЦржо ржЕржмрж╕рзНржерж╛рзЯ ржЙржжрзНржзрж╛рж░ ржХрж░рж╛ рж╣рзЯрзЗржЫрж┐рж▓, рждрж╛ржБржжрзЗрж░ ржЕржзрж┐ржХрж╛ржВрж╢ржЗ рж░ржХрзНрждрж╛ржХрзНржд ржЫрж┐рж▓рзЗржи, ржЕржирзЗржХрзЗржЗ ржЕржЪрзЗрждржиржУ ржЫрж┐рж▓рзЗржиред рж╢рзНрж░ржорж┐ржХржжрзЗрж░ ржЕржмрж╢рзНржп ржжрж╛ржмрж┐ ржЫрж┐рж▓, ржорзНржпрж╛ржирзЗржЬржорзЗржирзНржЯрзЗрж░ ржмрж╛ржбрж╝рж╛ржЯрзЗ ржмрж╛ржЙржирзНрж╕рж╛рж░рж░рж╛ ржкрзНрж▓рзНржпрж╛ржирзНржЯрзЗрж░ рж╕ржорж╕рзНржд ржжрж░ржЬрж╛ ржмржирзНржз ржХрж░рзЗ ржжрж┐рзЯрзЗ рж╢рзНрж░ржорж┐ржХржжрзЗрж░ ржЙржкрж░ рж╣рж╛ржорж▓рж╛ ржЪрж╛рж▓рж┐рзЯрзЗржЫрж┐рж▓ред рж╕рзЗржЦрж╛ржи ржерзЗржХрзЗржЗ ржирж╛ржХрж┐ ржЧрзЛрж▓ржорж╛рж▓рзЗрж░ рж╕рзВрждрзНрж░ржкрж╛рждред ржХрж╛рж░ржЦрж╛ржирж╛ ржЪрждрзНржмрж░рзЗрж░ ржмрж┐ржнрж┐ржирзНржи рж╕рж┐рж╕рж┐ржЯрж┐ржнрж┐рж░ ржлрзБржЯрзЗржЬ ржЦрждрж┐рзЯрзЗ ржжрзЗржЦрзЗ рж╕ржирзНржжрзЗрж╣ржнрж╛ржЬржиржжрзЗрж░ ржЧрзНрж░рзЗржлрждрж╛рж░ ржХрж░рзЗ ржкрзБрж▓рж┐рж╢ред ржмрж╣рзБ рж╢рзНрж░ржорж┐ржХржХрзЗ ржЬрзЗрж░рж╛ ржХрж░рж╛ рж╣рзЯред ржкрзНрж░рж╛рзЯ рззрзлрзж ржЬржиржХрзЗ ржЕржнрж┐ржпрзБржХрзНржд ржХрж░рж╛ рж╣рзЯред рж╢рзБржХрзНрж░ржмрж╛рж░ ржЧрзБрж░рзБржЧрзНрж░рж╛ржорзЗрж░ ржЖржжрж╛рж▓ржд ржЕржнрж┐ржпрзБржХрзНрждржжрзЗрж░ ржоржзрзНржпрзЗ рзйрзз ржЬржиржХрзЗ ржжрзЛрж╖рзА рж╕рж╛ржмрзНржпрж╕рзНржд ржХрж░рзЗржЫрзЗред рждрж╛ржБржжрзЗрж░ ржмрж┐рж░рзБржжрзНржзрзЗ ржорзНржпрж╛ржирзЗржЬржорзЗржирзНржЯрзЗрж░ ржЙржкрж░ рж╣рж╛ржорж▓рж╛, рж╕ржорзНржкрждрзНрждрж┐ ржирж╖рзНржЯ ржПржмржВ ржорзНржпрж╛ржирзЗржЬрж╛рж░ржХрзЗ ржЦрзБржирзЗрж░ ржЕржнрж┐ржпрзЛржЧ ржкрзНрж░ржорж╛ржгрж┐ржд рж╣рзЯрзЗржЫрзЗ ржмрж▓рзЗ ржЖржжрж╛рж▓рждржЯрж┐ ржЬрж╛ржирж┐рзЯрзЗржЫрзЗред рж╕рж╛ржЬрж╛ ржШрзЛрж╖ржгрж╛ рж╣ржУрзЯрж╛ ржПржЦржиржУ ржмрж╛ржХрж┐ред"
kolkata,"ржнрзЛрж░ржмрзЗрж▓рж╛рзЯ рж╢рж┐ржЙрж▓рж┐рж░ ржЖржжрзБрж░рзЗ ржЧржирзНржз,┬аржЖржХрж╛рж╢рзЗ ржкрзЗржЬрж╛ рждрзБрж▓рзЛрж░ ржоржд ржорзЗржШрзЗрж░ ржпржЦржи ржЖржирж╛ржЧрзЛржирж╛ рж╢рзБрж░рзБ рж╣рзЯ,┬арждржЦржи ржкрзНрж░ржХрзГрждрж┐ ржпрзЗржи ржЬрж╛ржирж╛ржи ржжрзЗрзЯ,┬аржкрзБржЬрзЛ ржПрж╕рзЗржЫрзЗред┬аржЖрж░ ржкрзБржЬрзЛ ржорж╛ржирзЗржЗ ржЖржкрж╛ржорж░ ржмрж╛ржЩрж╛рж▓рж┐рж░ ржХрж╛ржЫрзЗ ржпрзЗржоржи ржкрж░рж┐ржЪрж┐ржд ржмрзАрж░рзЗржирзНржжрзНрж░ржХрзГрж╖рзНржг ржнржжрзНрж░рзЗрж░ рж╕рзБрж░,┬арждрзЗржоржирж┐ ржЯрзЗрж▓рж┐ржнрж┐рж╢ржирзЗрж░ ржкрж░рзНржжрж╛рзЯ┬атАШржЕрж╕рзБрж░ржжрж▓ржирзАтАЩред ржорж╣рж╛рж▓рзЯрж╛рзЯ ржкрж┐рждрзГ ржкржХрзНрж╖рзЗрж░ ржЕржмрж╕рж╛ржирзЗ ржжрзЗржмрзАржкржХрзНрж╖рзЗрж░ рж╕рзВржЪржирж╛ рж╣рзЯ,┬арж╕рзЗржЗ рж▓ржЧрзНржирзЗ ржмрж╛ржЩрж╛рж▓рж┐рж░ ржЪрзЛржЦрзЗ ржПржЦржиржУ ржнрзЗрж╕рзЗ ржУржарзЗ ржжрзБрж░рзНржЧрж╛рж░рзВржкрзА рж╕ржВржпрзБржХрзНрждрж╛ ржмржирзНржжрзНржпрзЛржкрж╛ржзрзНржпрж╛рзЯрзЗрж░ ржорзБржЦредржЖржЬ рж╕рзЗржЗ рж╕ржВржпрзБржХрзНрждрж╛ ржмржирзНржжрзНржпрзЛржкрж╛ржзрзНржпрж╛рзЯрзЗрж░ рж╕ржЩрзНржЧрзЗ ржПржХрж╛ржирзНржд ржЖрж▓рж╛ржкржЪрж╛рж░рж┐рждрж╛рзЯ рж╣рж╛ржЬрж┐рж░ рзирзк ржШржгрзНржЯрж╛ ржбржЯ ржХржо-ржПрж░ ржкрзНрж░рждрж┐ржирж┐ржзрж┐ ржЬрзЯрзАрждрж╛ ржмрж╕рзБред┬арж╕ржВржпрзБржХрзНрждрж╛ ржмржирзНржжрзНржпрзЛржкрж╛ржзрзНржпрж╛рзЯ ржпржЦржи ржорзБржЦрзЛржорзБржЦрж┐,┬арждржЦржи рждрзЛ ржорж╣рж┐рж╖рж╛рж╕рзБрж░ржорж░рзНржжрзНржжрж┐ржирзАрж░ рж╕рзЗржЗ ржЫржмрж┐ рж╣рж╛ржЬрж┐рж░ рж╣ржмрзЗржЗред┬арж╕рзЗржЗ рж╕ржЩрзНржЧрзЗ ржмрзНржпржХрзНрждрж┐ ржЬрзАржмржирзЗ рж╕ржВржпрзБржХрзНрждрж╛ ржмржирзНржжрзНржпрзЛржкрж╛ржзрзНржпрж╛рзЯ ржХрзЗржоржи,┬арж╕рзЗржЯрж╛ржУ ржЬрзЗржирзЗ ржирж┐ржи.. рж╕ржВржпрзБржХрзНрждрж╛ ржмржирзНржжрзНржпрзЛржкрж╛ржзрзНржпрж╛рзЯ┬атАУ┬аржжрзБрж░рзНржЧрж╛ржкрзБржЬрзЛ ржкрзНрж░рждрзНржпрзЗржХ ржмрж╛ржЩрж╛рж▓рж┐рж░ ржХрж╛ржЫрзЗ ржмрж┐рж╢рзЗрж╖ ржХрзЯрзЗржХржЯрж╛ ржжрж┐ржи,┬аржмрж┐рж╢рзЗрж╖ ржорзБрж╣рзВрж░рзНрждред┬арждрж╛ржЗ ржЖрж░ ржкрж╛ржБржЪржЬржи ржмрж╛ржЩрж╛рж▓рж┐рж░ ржоржд ржПржЯрж╛ ржЖржорж╛рж░ ржХрж╛ржЫрзЗ┬атАШржорж╛ ржШрж░рзЗ ржЖрж╕ржЫрзЗржитАЩ┬аржмрж▓рзЗ ржПржХрж░ржХржо ржЖрж▓рж╛ржжрж╛ ржЕржирзБржнрзВрждрж┐ред┬аржпрж╛ ржнрж╛рж╖рж╛рзЯ ржкрзНрж░ржХрж╛рж╢ ржХрж░рж╛ рж╕ржорзНржнржм ржирзЯред рж╕ржВржпрзБржХрзНрждрж╛ ржмржирзНржжрзНржпрзЛржкрж╛ржзрзНржпрж╛рзЯ┬атАУ┬аржЕрж╕рж╛ржзрж╛рж░ржг рж▓рж╛ржЧрзЗред┬аржПржЯрж╛ ржИрж╢рзНржмрж░рзЗрж░ ржЖрж╢рзАрж░рзНржмрж╛ржжред ┬аржкрж╛рж╢рж╛ржкрж╛рж╢рж┐ ржжрж░рзНрж╢ржХржжрзЗрж░ ржнрж╛рж▓ржмрж╛рж╕рж╛ ржУ ржЖрж╢рзАрж░рзНржмрж╛ржж ржЫрж╛рзЬрж╛ ржПржЯрж╛ ржХрзЛржиржУржнрж╛ржмрзЗржЗ рж╕ржорзНржнржм ржирзЯред┬аржПржЦржиржУ ржЖржорж┐ ржЕрж╕ржВржЦрзНржп ржорж╛ржирзБрж╖рзЗрж░ ржХрж╛ржЫ ржерзЗржХрзЗ ржорзЗрж╕рзЗржЬ ржкрж╛ржЗред рждрж╛ржБрж░рж╛ ржпрзЗ ржПржЦржиржУ ржЖржорж╛рзЯ ржоржирзЗ рж░рзЗржЦрзЗржЫрзЗржи,┬арж╕рзЗржЯрж╛ ржЕржирзЗржХ ржмрзЬ ржкрж╛ржУрзЯрж╛ред┬аржЖрж░ ржорж╛ржирзБрж╖рзЗрж░ рж╕рзЗржЗ ржнрж╛рж▓ржмрж╛рж╕рж╛ ржирж┐рзЯрзЗржЗ ржПржЧрж┐рзЯрзЗ ржпрзЗрждрзЗ ржЪрж╛ржЗред рж╕ржВржпрзБржХрзНрждрж╛ ржмржирзНржжрзНржпрзЛржкрж╛ржзрзНржпрж╛рзЯ┬атАУ┬аржЦрзБржм ржнрж╛рж▓ рж▓рж╛ржЧрзЗред┬аржХрж╛ржЬ ржХрж░рждрзЗ ржЧрж┐рзЯрзЗ ржкрзНрж░рждрж┐ ржорзБрж╣рзВрж░рзНрждрзЗ рж╢рж┐ржЦрзЗржЫрж┐ред┬аржЖржорж╛рж░ ржжрж┐ржжрж╛рж░ ржмрзЯрж╕рзА ржЕржирзЗржХ ржмрзГржжрзНржзрж╛ ржпржЦржи ржЖржорж╛рзЯ ржжрзЗржЦрзЗ ржПржЧрж┐рзЯрзЗ ржЖрж╕ржЫрзЗржи,┬аржкрзНрж░ржгрж╛ржо ржХрж░рждрзЗ ржпрж╛ржЪрзНржЫрзЗржи рж░рж╛рж╕рзНрждрж╛рзЯ,┬аржПржЯрж╛ ржЕржирзЗржХ ржмрзЬ ржкрж╛ржУрзЯрж╛ред┬аржЖржорж╛рзЯ рж╢рзБржзрзБ ржЗржирзНржбрж┐рзЯрж╛ржи ржХрзНрж▓рж╛рж╕рж┐ржХрзНржпрж╛рж▓ ржбрж╛ржирзНрж╕рж╛рж░ ржмрж▓рж▓рзЗ ржнрзБрж▓ рж╣ржмрзЗред┬а(ржорж╣рж╛рж▓рзЯрж╛рж░ ржкрзНрж░рж╕ржЩрзНржЧ ржЙрж▓рзНрж▓рзЗржЦ ржХрж░рзЗ) ржЖржорж╛рж░ ржоржирзЗ рж╣рзЯ,┬а ржЖржорж╛рж░ ржУржЗ ржПржХржЯрж╛ржЗ ржкрж░рж┐ржЪрж┐рждрж┐ред┬аржжрж░рзНрж╢ржХ ржпрзЗ ржнрж╛рж▓ржмрж╛рж╕рж╛ ржжрж┐рзЯрзЗржЫрзЗржи,┬арж╕рзЗржЯрж╛ ржЖржорж╛рж░ ржХрж╛ржЫрзЗ ржмрзЬ ржкрж╛ржУрзЯрж╛ред рж╕ржВржпрзБржХрзНрждрж╛ ржмржирзНржжрзНржпрзЛржкрж╛ржзрзНржпрж╛рзЯ┬атАУ┬аржПржЯрж╛ ржЖржорж╛рж░ ржПржХржжржо ржмрж▓рж╛ ржЙржЪрж┐ржд ржирзЯ┬а(ржкрзНрж░рж╛рзЯ рж╣рзЗрж╕рзЗржЗ ржЙрзЬрж┐рзЯрзЗ ржжрж┐рж▓рзЗржи)ред┬аржПржХржжржо ржмрж▓ржм ржирж╛ред ржЖржорж┐ рждрж╛ржБржжрзЗрж░ ржЙржкрж░ рж░рзЗрж╕ржкрзЗржХрзНржЯржлрзБрж▓ред рж╢рзБржзрзБ ржмрж▓ржм, ржпрж╛ржБрж░рж╛ ржорж╣рж╛рж▓рзЯрж╛ ржХрж░ржЫрзЗржи,┬а рждрж╛ржБржжрзЗрж░ ржкрзНрж░рждрзНржпрзЗржХрзЗ ржХрзЗржЙ рж╕рзБржкрзНрж░рждрж┐рж╖рзНржарж┐ржд ржЕржнрж┐ржирзЗрждрзНрж░рзА,┬аржХрзЗржЙ ржмрж╛ ржкрзНрж░рждрж┐рж╖рзНржарж┐ржд рж╢рж┐рж▓рзНржкрзАред┬арждржмрзЗ, рждрж╛ржБрж░рж╛ ржпрзЗржи ржжрзЗржмрзАрж░рзВржкрзЗрж░ ржорж╛рж╣рж╛рждрзНржорзНржпржЯрж╛ рж╕рзНржорж░ржгрзЗ рж░рзЗржЦрзЗ ржХрж╛ржЬржЯрж╛ ржХрж░рзЗржиред┬аржжрзЗржмрзАрж░рзВржкрзЗрж░ ржпрзЗ ржПржХржЯрж╛ ржбрж┐ржЧржирж┐ржЯрж┐, ржПржХржЯрж╛ ржбрж┐ржнрж┐ржирж┐ржЯрж┐, ржПржХржЯрж╛ ржПрж▓рж┐ржЧрзЗржирзНрж╕, ржпрзЗржЯрж╛ ржорж╛ рж╣рж┐рж╕рзЗржмрзЗ ржЖржорж░рж╛ ржжрзЗржЦрждрзЗ ржЪрж╛ржЗ, рж╕рзЗржЯрж╛ржЗ ржпрзЗржи ржжрзЗржЦрждрзЗ ржкрж╛ржЗред рж╕ржВржпрзБржХрзНрждрж╛ ржмржирзНржжрзНржпрзЛржкрж╛ржзрзНржпрж╛рзЯ┬атАУ ржкрзБржЬрзЛрж░ ржкрзНрж░рждрзНржпрзЗржХ ржжрж┐ржиржЗ ржкрзНрж░рж╛рзЯ рж╢рзЛ ржерж╛ржХрзЗред┬аржХрж┐ржирзНрждрзБ,┬арждрж╛рж░ ржоржзрзНржпрзЗржЗ ржЖржорж╛рж░ ржЫрзЗрж▓рзЗ ржЖржЫрзЗ,┬арж╕рзНржмрж╛ржорзА ржЖржЫрзЗржиред┬арждрж╛ржБржжрзЗрж░ржХрзЗ рж╕ржорзЯ ржжрзЗржУрзЯрж╛рж░ ржЪрзЗрж╖рзНржЯрж╛ ржХрж░рж┐ред┬арждрж╛ржБрж░рж╛ржУ ржЖржорж╛ржХрзЗ рж╕ржм рж╕ржорзЯ рж╕рж╛рж╣рж╛ржпрзНржп ржХрж░рзЗ ржерж╛ржХрзЗржиред┬аржЖржорж╛рж░ ржмрж╛ржмрж╛-ржорж╛,┬аржЖржорж╛рж░ ржЧрзБрж░рзБ-рж░рж╛ рж╕ржм рж╕ржорзЯ ржЖржорж╛рзЯ рж╕рж╛рж╣рж╛ржпрзНржп ржХрж░рзЗржЫрзЗржи,┬аржПржЗ ржЬрж╛рзЯржЧрж╛ржЯрж╛рзЯ ржкрзМржБржЫржирзЛрж░ ржЬржирзНржпред ржкрж╛рж╢рж╛ржкрж╛рж╢рж┐ ржжрзВрж░ржжрж░рзНрж╢ржирзЗрж░ ржкрзНрж░рждрзНржпрзЗржХ ржкрзНрж░рзЛржбрж┐ржЙрж╕рж╛рж░, ржбрж┐рж░рзЗржХрзНржЯрж░рзЗрж░ ржХрж╛ржЫрзЗржУ ржЖржорж┐ ржПрж░ ржЬржирзНржп ржХрзГрждржЬрзНржЮред рж╕ржВржпрзБржХрзНрждрж╛ ржмржирзНржжрзНржпрзЛржкрж╛ржзрзНржпрж╛рзЯ┬атАУ┬аржХрзЗржЙ ржпржжрж┐ ржХржЦржиржУ ржоржирзЗ ржХрж░рзЗржи,┬аржПржЗ ржЪрж░рж┐рждрзНрж░рзЗрж░ ржЬржирзНржп рж╕ржВржпрзБржХрзНрждрж╛ржХрзЗржЗ ржжрж░ржХрж╛рж░,┬арждрж╛рж╣рж▓рзЗ ржЕржмрж╢рзНржпржЗ ржЖржорж┐ ржХрж░ржмред ржЖржорж┐ рж╕рзЗржЦрж╛ржирзЗ рж╣рж╛ржЬрж┐рж░ ржерж╛ржХржмред рж╕рзЗржЯрж╛ ржпрзЗржЦрж╛ржирзЗржЗ рж╣рзЛржХ ржирж╛ ржХрзЗржиред ржУржЗ ржзрж░ржгрзЗрж░ ржЪрж░рж┐рждрзНрж░рзЗ ржмрж╛рж░ ржмрж╛рж░ ржлрж┐рж░рзЗ ржЖрж╕рж╛, рж╕рзЗржЯрж╛ ржЕржирзЗржХржЦрж╛ржирж┐ ржнрж╛ржЧрзНржпрзЗрж░ ржмрж┐рж╖рзЯред┬а рж╕ржВржпрзБржХрзНрждрж╛ ржмржирзНржжрзНржпрзЛржкрж╛ржзрзНржпрж╛рзЯ┬атАУ┬а ржЖржорж┐ ржПржХржЬржи ржорзЗрзЯрзЗ, ржХрзЛржиржУ ржмрж╛ржмрж╛-ржорж╛рзЯрзЗрж░ ржорзЗрзЯрзЗред ржмрж┐ржжрзЗрж╢рзЗ ржерж╛ржХрж╛рж░ ржЬржирзНржп ржЕржирзЗржХ ржжрзВрж░рзЗ рж╣рж▓рзЗржУ, рждрж╛ржБржжрзЗрж░ рж╕ржЩрзНржЧрзЗ рж╕ржм рж╕ржорзЯ ржпрзЛржЧрж╛ржпрзЛржЧ рж░рж╛ржЦрж┐ред рждржмрзЗ ржжрзЗрж╢рзЗрж░ ржжрзВрж░рзНржЧрж╛ржкрзБржЬрзЛ ┬аржЕржирзЗржХ┬аржмржЫрж░ ржорж┐рж╕ ржХрж░рзЗржЫрж┐ред┬арждржмрзЗ ржкрзБржЬрзЛрж░ ржХ'ржжрж┐ржи ржПржЦрж╛ржирзЗржУ рж╢рзЛ ржерж╛ржХрзЗред┬арждрж╛рж░ ржоржзрзНржпрзЗ ржерзЗржХрзЗ рж╕ржорзЯ ржмрзЗрж░ ржХрж░рзЗ ржжрзЗрж╢рзЗрж░ ржпрж╛ржБрж░рж╛ ржЖрждрзНржорзАрзЯрж╕рзНржмржЬржи ржЖржЫрзЗржи, рждрж╛ржБржжрзЗрж░ рж╕ржЩрзНржЧрзЗ ржпрзЛржЧрж╛ржпрзЛржЧ ржХрж░рж┐ред┬аржкрж░рж┐ржмрж╛рж░рзЗрж░ рж╕ржЩрзНржЧрзЗржУ рж╕ржорзЯ ржХрж╛ржЯрж╛ржирзЛрж░ ржЪрзЗрж╖рзНржЯрж╛ ржХрж░рж┐ред┬а рж╕ржВржпрзБржХрзНрждрж╛ ржмржирзНржжрзНржпрзЛржкрж╛ржзрзНржпрж╛рзЯ тАУ ржирж╛ржЧрзЛ, ржПржХрзЗржмрж╛рж░рзЗржЗ ржирж╛ред ржХржЦржиржУ ржкрзНрж░ржЪрж╛рж░ ржкрж╛ржУрзЯрж╛рж░ ржЬржирзНржп ржХрж╛ржЬ ржХрж░рж┐ржирж┐ред ржирж┐ржЬрзЗрж░ ржХрж╛ржЬржХрзЗ рж╕ржм рж╕ржорзЯ ржорж╛ржирзБрж╖рзЗрж░ ржХрж╛ржЫрзЗ ржкрзМржБржЫрзЗ ржжрзЗржУрзЯрж╛рж░ ржЪрзЗрж╖рзНржЯрж╛ ржХрж░рзЗржЫрж┐ред ржЖржорж╛рж░ ржЙржкрж░ ржпрзЗ ржжрж╛рзЯрж┐рждрзНржм ржкрзЬрзЗржЫрзЗ, рж╕рзЗржЯрж╛ ржХрждржЯрж╛ ржирж┐рж╖рзНржарж╛ рж╕рж╣ржХрж╛рж░рзЗ ржХрж░рждрзЗ ржкрзЗрж░рзЗржЫрж┐, рж╕рзЗржЯрж╛ржЗ ржжрзЗржЦрзЗржЫрж┐ред рж╕ржВржпрзБржХрзНрждрж╛ ржмржирзНржжрзНржпрзЛржкрж╛ржзрзНржпрж╛рзЯ тАУ┬арж╕рзЗржЗ рззрзпрзпрзк рж╕рж╛рж▓ ржерзЗржХрзЗ ржорж╛ржирзБрж╖рзЗрж░ ржПржд ржнрж╛рж▓ржмрж╛рж╕рж╛ ржкрзЗрзЯрзЗржЫрж┐ ржпрзЗ рждрж╛рж░ ржЬржирзНржп ржЖржорж┐ ржХрзГрждржЬрзНржЮред ржорж╛ржирзБрж╖ ржЖржорж╛рзЯ ржоржирзЗ рж░рзЗржЦрзЗржЫрзЗржи ржмрж▓рзЗржЗ рж╕ржм рж╕ржорзЯ рждрж╛ржБржжрзЗрж░ ржХрж╛ржЫ ржерзЗржХрзЗ ржПржд ржнрж╛рж▓ржмрж╛рж╕рж╛ ржкрж╛ржЗ ржЖржЬржУред ржЖржорж┐ ржЦрзБржм ржмрзНрж▓рзЗрж╕ржб ржпрзЗ ржПржд ржорж╛ржирзБрж╖рзЗрж░ ржнрж╛рж▓ржмрж╛рж╕рж╛ ржкрзЗрзЯрзЗржЫрж┐ред┬а рж╕ржВржпрзБржХрзНрждрж╛ ржмржирзНржжрзНржпрзЛржкрж╛ржзрзНржпрж╛рзЯ тАУ (ржПржХржЧрж╛рж▓ рж╣рзЗрж╕рзЗ) рж╕рзЗржЯрж╛ рждрзЛ ржжрзБрж╖рзНржЯрзБ рж▓рзЛржХрж░рж╛ ржмрж▓ржмрзЗред ржЖржорж┐ ржХрзАржнрж╛ржмрзЗ ржмрж▓ржм? ржЖржорж┐ ржЦрзБржм рж╢рж╛ржирзНржд ржорзЗрзЯрзЗред ржПржХрзЗржмрж╛рж░рзЗржЗ рж░рж╛ржЧрзА ржорж╛ржирзБрж╖ ржиржЗред ржжрзБрж░рзНржЧрж╛рж░ ржкрзНрж░рж╕ржЩрзНржЧ ржЙрж▓рзНрж▓рзЗржЦ ржХрж░рзЗ, рждржмрзЗ ржПржЗ ржЪрж░рж┐рждрзНрж░рзЗрж░ ржпрзЗ ржмрзИрж╢рж┐рж╖рзНржЯрзНржп, рждрж╛ ржЖржорж╛ржХрзЗ ┬аржирж┐рж╢рзНржЪржЗ ржЗржиржлрзНрж▓рзБрзЯрзЗржирзНрж╕ ржХрж░рзЗржЫрзЗред рж╕рзЗржЯрж╛ ржмрж▓рждрзЗ ржкрж╛рж░рж┐ред"
